{
    "CLIP-I": 0.7619054317474365,
    "DINO": 0.8476251482963562,
    "CLIP-T": 0.3339027941226959,
    "CLIP-R": 0.1870256930589676,
    "num_images": 5
}