{
    "CLIP-I": 0.7038871792293865,
    "DINO": 0.8370672451144845,
    "CLIP-T": 0.2758750309561484,
    "CLIP-R": 0.18138875137221003,
    "num_images": 676
}