{
    "CLIP-I": 0.7551467097722567,
    "DINO": 0.8676166396874648,
    "CLIP-T": 0.2656283676624298,
    "CLIP-R": 0.17403247809180847,
    "num_images": 26
}