{
    "CLIP-I": 0.7778377257860624,
    "DINO": 0.8562084963688483,
    "CLIP-T": 0.2526925555788554,
    "CLIP-R": 0.17703753595168775,
    "num_images": 26
}