{
    "CLIP-I": 0.7291199610783503,
    "DINO": 0.8339778345364791,
    "CLIP-T": 0.290890905719537,
    "CLIP-R": 0.17848417736016786,
    "num_images": 26
}