{
    "CLIP-I": 0.7828470826148987,
    "DINO": 0.8389856338500976,
    "CLIP-T": 0.2838373839855194,
    "CLIP-R": 0.1864842653274536,
    "num_images": 5
}