{
    "CLIP-I": 0.7412667870521545,
    "DINO": 0.8079113721847534,
    "CLIP-T": 0.32205245494842527,
    "CLIP-R": 0.181711608171463,
    "num_images": 5
}