{
    "CLIP-I": 0.7673439184824625,
    "DINO": 0.8455765123168627,
    "CLIP-T": 0.25492135745783645,
    "CLIP-R": 0.16106106527149677,
    "num_images": 24
}