{
    "CLIP-I": 0.7847283482551575,
    "DINO": 0.8689753413200378,
    "CLIP-T": 0.2997156739234924,
    "CLIP-R": 0.18775322735309602,
    "num_images": 5
}