{
    "CLIP-I": 0.7647631367047628,
    "DINO": 0.8446746468544006,
    "CLIP-T": 0.25313111394643784,
    "CLIP-R": 0.16339384764432907,
    "num_images": 24
}