{
    "CLIP-I": 0.7965843173173758,
    "DINO": 0.8776343694100013,
    "CLIP-T": 0.25688058882951736,
    "CLIP-R": 0.18562711431429937,
    "num_images": 26
}