{
    "CLIP-I": 0.760829169016618,
    "DINO": 0.8312637484990634,
    "CLIP-T": 0.2509835007099005,
    "CLIP-R": 0.1811393894828283,
    "num_images": 26
}