{
    "CLIP-I": 0.8007514339226943,
    "DINO": 0.8773326254807986,
    "CLIP-T": 0.26198974882180875,
    "CLIP-R": 0.18304195742194468,
    "num_images": 26
}