{
    "CLIP-I": 0.8291259728945218,
    "DINO": 0.8775023634617145,
    "CLIP-T": 0.25112270277280074,
    "CLIP-R": 0.17360897734761238,
    "num_images": 26
}